{
  "transfer_metrics": {
    "AA": 23.896861619177255,
    "AIA": 32.75402111681409,
    "FM": 13.925236430280867,
    "BWT": -12.745909733899163,
    "FWT": null,
    "ZS_ACC": null,
    "CT": 23.896861619177255,
    "text_task_transfer": 29.212560386473427,
    "ner_task_transfer": 3.1307550644567224,
    "cross_type_transfer": 24.601782902287347
  },
  "similarity_analysis": {
    "same_type_transfer": 27.292817679558016,
    "different_type_transfer": 25.30063122214215
  },
  "task_names": [
    "masc",
    "mate",
    "mner",
    "mabsa",
    "masc",
    "mate",
    "mner"
  ],
  "acc_matrix": [
    [
      57.99999999999999
    ],
    [
      28.000000000000004,
      63.091787439613526
    ],
    [
      22.0,
      47.43961352657004,
      0.7366482504604052
    ],
    [
      22.0,
      47.53623188405797,
      7.136279926335175,
      2.8019323671497585
    ],
    [
      57.99999999999999,
      38.26086956521739,
      4.465930018416206,
      3.4782608695652173,
      57.99999999999999
    ],
    [
      22.0,
      49.85507246376812,
      1.5653775322283612,
      2.995169082125604,
      20.0,
      60.38647342995169
    ],
    [
      38.0,
      34.78260869565217,
      3.1307550644567224,
      3.4782608695652173,
      20.0,
      67.14975845410628,
      0.7366482504604052
    ]
  ]
}